year,month,month_idx,kwh,kwh_degraded,degrade_factor,system_kwp
1,1,1,582.33,582.33,1.0,6.0006
1,2,2,749.75,749.75,1.0,6.0006
1,3,3,924.61,924.61,1.0,6.0006
1,4,4,928.98,928.98,1.0,6.0006
1,5,5,873.67,873.67,1.0,6.0006
1,6,6,757.45,757.45,1.0,6.0006
1,7,7,619.56,619.56,1.0,6.0006
1,8,8,645.25,645.25,1.0,6.0006
1,9,9,705.37,705.37,1.0,6.0006
1,10,10,808.81,808.81,1.0,6.0006
1,11,11,612.27,612.27,1.0,6.0006
1,12,12,630.31,630.31,1.0,6.0006
2,1,13,582.33,579.42,0.995,6.0006
2,2,14,749.75,746.0,0.995,6.0006
2,3,15,924.61,919.98,0.995,6.0006
2,4,16,928.98,924.33,0.995,6.0006
2,5,17,873.67,869.3,0.995,6.0006
2,6,18,757.45,753.66,0.995,6.0006
2,7,19,619.56,616.46,0.995,6.0006
2,8,20,645.25,642.02,0.995,6.0006
2,9,21,705.37,701.84,0.995,6.0006
2,10,22,808.81,804.77,0.995,6.0006
2,11,23,612.27,609.21,0.995,6.0006
2,12,24,630.31,627.16,0.995,6.0006
3,1,25,582.33,576.52,0.99,6.0006
3,2,26,749.75,742.27,0.99,6.0006
3,3,27,924.61,915.38,0.99,6.0006
3,4,28,928.98,919.71,0.99,6.0006
3,5,29,873.67,864.96,0.99,6.0006
3,6,30,757.45,749.89,0.99,6.0006
3,7,31,619.56,613.38,0.99,6.0006
3,8,32,645.25,638.81,0.99,6.0006
3,9,33,705.37,698.34,0.99,6.0006
3,10,34,808.81,800.74,0.99,6.0006
3,11,35,612.27,606.16,0.99,6.0006
3,12,36,630.31,624.03,0.99,6.0006
4,1,37,582.33,573.64,0.9851,6.0006
4,2,38,749.75,738.56,0.9851,6.0006
4,3,39,924.61,910.81,0.9851,6.0006
4,4,40,928.98,915.11,0.9851,6.0006
4,5,41,873.67,860.63,0.9851,6.0006
4,6,42,757.45,746.14,0.9851,6.0006
4,7,43,619.56,610.31,0.9851,6.0006
4,8,44,645.25,635.62,0.9851,6.0006
4,9,45,705.37,694.84,0.9851,6.0006
4,10,46,808.81,796.74,0.9851,6.0006
4,11,47,612.27,603.13,0.9851,6.0006
4,12,48,630.31,620.91,0.9851,6.0006
5,1,49,582.33,570.77,0.9801,6.0006
5,2,50,749.75,734.87,0.9801,6.0006
5,3,51,924.61,906.25,0.9801,6.0006
5,4,52,928.98,910.54,0.9801,6.0006
5,5,53,873.67,856.33,0.9801,6.0006
5,6,54,757.45,742.41,0.9801,6.0006
5,7,55,619.56,607.26,0.9801,6.0006
5,8,56,645.25,632.44,0.9801,6.0006
5,9,57,705.37,691.37,0.9801,6.0006
5,10,58,808.81,792.75,0.9801,6.0006
5,11,59,612.27,600.11,0.9801,6.0006
5,12,60,630.31,617.8,0.9801,6.0006
6,1,61,582.33,567.92,0.9752,6.0006
6,2,62,749.75,731.19,0.9752,6.0006
6,3,63,924.61,901.72,0.9752,6.0006
6,4,64,928.98,905.98,0.9752,6.0006
6,5,65,873.67,852.05,0.9752,6.0006
6,6,66,757.45,738.7,0.9752,6.0006
6,7,67,619.56,604.22,0.9752,6.0006
6,8,68,645.25,629.28,0.9752,6.0006
6,9,69,705.37,687.91,0.9752,6.0006
6,10,70,808.81,788.79,0.9752,6.0006
6,11,71,612.27,597.11,0.9752,6.0006
6,12,72,630.31,614.71,0.9752,6.0006
7,1,73,582.33,565.08,0.9704,6.0006
7,2,74,749.75,727.54,0.9704,6.0006
7,3,75,924.61,897.21,0.9704,6.0006
7,4,76,928.98,901.45,0.9704,6.0006
7,5,77,873.67,847.79,0.9704,6.0006
7,6,78,757.45,735.0,0.9704,6.0006
7,7,79,619.56,601.2,0.9704,6.0006
7,8,80,645.25,626.13,0.9704,6.0006
7,9,81,705.37,684.47,0.9704,6.0006
7,10,82,808.81,784.85,0.9704,6.0006
7,11,83,612.27,594.13,0.9704,6.0006
7,12,84,630.31,611.64,0.9704,6.0006
8,1,85,582.33,562.25,0.9655,6.0006
8,2,86,749.75,723.9,0.9655,6.0006
8,3,87,924.61,892.73,0.9655,6.0006
8,4,88,928.98,896.95,0.9655,6.0006
8,5,89,873.67,843.55,0.9655,6.0006
8,6,90,757.45,731.33,0.9655,6.0006
8,7,91,619.56,598.2,0.9655,6.0006
8,8,92,645.25,623.0,0.9655,6.0006
8,9,93,705.37,681.05,0.9655,6.0006
8,10,94,808.81,780.92,0.9655,6.0006
8,11,95,612.27,591.16,0.9655,6.0006
8,12,96,630.31,608.58,0.9655,6.0006
9,1,97,582.33,559.44,0.9607,6.0006
9,2,98,749.75,720.28,0.9607,6.0006
9,3,99,924.61,888.26,0.9607,6.0006
9,4,100,928.98,892.46,0.9607,6.0006
9,5,101,873.67,839.33,0.9607,6.0006
9,6,102,757.45,727.67,0.9607,6.0006
9,7,103,619.56,595.21,0.9607,6.0006
9,8,104,645.25,619.89,0.9607,6.0006
9,9,105,705.37,677.65,0.9607,6.0006
9,10,106,808.81,777.02,0.9607,6.0006
9,11,107,612.27,588.2,0.9607,6.0006
9,12,108,630.31,605.54,0.9607,6.0006
10,1,109,582.33,556.64,0.9559,6.0006
10,2,110,749.75,716.68,0.9559,6.0006
10,3,111,924.61,883.82,0.9559,6.0006
10,4,112,928.98,888.0,0.9559,6.0006
10,5,113,873.67,835.13,0.9559,6.0006
10,6,114,757.45,724.03,0.9559,6.0006
10,7,115,619.56,592.23,0.9559,6.0006
10,8,116,645.25,616.79,0.9559,6.0006
10,9,117,705.37,674.26,0.9559,6.0006
10,10,118,808.81,773.13,0.9559,6.0006
10,11,119,612.27,585.26,0.9559,6.0006
10,12,120,630.31,602.51,0.9559,6.0006
