month_idx,year,month,kwh_generated,tariff,grid_savings_rs,export_credit_rs,om_cost_rs,net_monthly_rs,cumulative_rs
1,1,1,580.67,8.5,3825.0,888.56,375.0,4338.56,4338.56
2,1,2,741.02,8.5,3825.0,1978.94,375.0,5428.94,9767.49
3,1,3,925.27,8.5,3825.0,3231.84,375.0,6681.84,16449.33
4,1,4,925.68,8.5,3825.0,3234.62,375.0,6684.62,23133.95
5,1,5,872.25,8.5,3825.0,2871.3,375.0,6321.3,29455.25
6,1,6,753.23,8.5,3825.0,2061.96,375.0,5511.96,34967.22
7,1,7,617.94,8.5,3825.0,1141.99,375.0,4591.99,39559.21
8,1,8,643.23,8.5,3825.0,1313.96,375.0,4763.96,44323.17
9,1,9,704.74,8.5,3825.0,1732.23,375.0,5182.23,49505.4
10,1,10,806.14,8.5,3825.0,2421.75,375.0,5871.75,55377.16
11,1,11,614.84,8.5,3825.0,1120.91,375.0,4570.91,59948.07
12,1,12,630.6,8.5,3825.0,1228.08,375.0,4678.08,64626.15
13,2,1,577.77,9.01,4054.5,920.97,375.0,4600.47,69226.61
14,2,2,737.31,9.01,4054.5,2070.93,375.0,5750.43,74977.04
15,2,3,920.64,9.01,4054.5,3392.37,375.0,7071.87,82048.92
16,2,4,921.05,9.01,4054.5,3395.33,375.0,7074.83,89123.75
17,2,5,867.89,9.01,4054.5,3012.15,375.0,6691.65,95815.4
18,2,6,749.46,9.01,4054.5,2158.51,375.0,5838.01,101653.4
19,2,7,614.85,9.01,4054.5,1188.24,375.0,4867.74,106521.14
20,2,8,640.02,9.01,4054.5,1369.66,375.0,5049.16,111570.31
21,2,9,701.22,9.01,4054.5,1810.79,375.0,5490.29,117060.6
22,2,10,802.11,9.01,4054.5,2538.01,375.0,6217.51,123278.11
23,2,11,611.77,9.01,4054.5,1166.04,375.0,4845.54,128123.65
24,2,12,627.44,9.01,4054.5,1278.99,375.0,4958.49,133082.14
25,3,1,574.88,9.5506,4297.77,954.14,375.0,4876.91,137959.05
26,3,2,733.63,9.5506,4297.77,2167.07,375.0,6089.84,144048.89
27,3,3,916.04,9.5506,4297.77,3560.77,375.0,7483.54,151532.43
28,3,4,916.45,9.5506,4297.77,3563.9,375.0,7486.67,159019.1
29,3,5,863.55,9.5506,4297.77,3159.72,375.0,7082.49,166101.59
30,3,6,745.71,9.5506,4297.77,2259.37,375.0,6182.14,172283.73
31,3,7,611.77,9.5506,4297.77,1236.0,375.0,5158.77,177442.5
32,3,8,636.82,9.5506,4297.77,1427.39,375.0,5350.16,182792.66
33,3,9,697.71,9.5506,4297.77,1892.62,375.0,5815.39,188608.05
34,3,10,798.09,9.5506,4297.77,2659.57,375.0,6582.34,195190.4
35,3,11,608.71,9.5506,4297.77,1212.62,375.0,5135.39,200325.79
36,3,12,624.31,9.5506,4297.77,1331.81,375.0,5254.58,205580.37
37,4,1,572.0,10.1236,4555.64,988.07,375.0,5168.7,210749.08
38,4,2,729.96,10.1236,4555.64,2267.37,375.0,6448.01,217197.08
39,4,3,911.46,10.1236,4555.64,3737.32,375.0,7917.96,225115.04
40,4,4,911.87,10.1236,4555.64,3740.64,375.0,7921.28,233036.32
41,4,5,859.23,10.1236,4555.64,3314.32,375.0,7494.95,240531.27
42,4,6,741.99,10.1236,4555.64,2364.8,375.0,6545.44,247076.71
43,4,7,608.71,10.1236,4555.64,1285.38,375.0,5466.01,252542.72
44,4,8,633.63,10.1236,4555.64,1487.2,375.0,5667.84,258210.56
45,4,9,694.22,10.1236,4555.64,1977.92,375.0,6158.55,264369.11
46,4,10,794.1,10.1236,4555.64,2786.83,375.0,6967.47,271336.58
47,4,11,605.66,10.1236,4555.64,1260.68,375.0,5441.31,276777.9
48,4,12,621.18,10.1236,4555.64,1386.37,375.0,5567.01,282344.9
49,5,1,569.14,10.7311,4828.97,1022.8,375.0,5476.77,287821.68
50,5,2,726.31,10.7311,4828.97,2372.08,375.0,6826.05,294647.73
51,5,3,906.9,10.7311,4828.97,3922.41,375.0,8376.39,303024.12
52,5,4,907.31,10.7311,4828.97,3925.93,375.0,8379.91,311404.03
53,5,5,854.94,10.7311,4828.97,3476.35,375.0,7930.32,319334.35
54,5,6,738.28,10.7311,4828.97,2474.84,375.0,6928.81,326263.16
55,5,7,605.67,10.7311,4828.97,1336.4,375.0,5790.38,332053.54
56,5,8,630.46,10.7311,4828.97,1549.22,375.0,6003.2,338056.73
57,5,9,690.75,10.7311,4828.97,2066.8,375.0,6520.78,344577.51
58,5,10,790.13,10.7311,4828.97,2919.96,375.0,7373.94,351951.45
59,5,11,602.64,10.7311,4828.97,1310.39,375.0,5764.36,357715.81
60,5,12,618.08,10.7311,4828.97,1442.94,375.0,5896.91,363612.73
61,6,1,566.3,11.3749,5118.71,1058.32,375.0,5802.04,369414.76
62,6,2,722.68,11.3749,5118.71,2481.37,375.0,7225.08,376639.84
63,6,3,902.37,11.3749,5118.71,4116.54,375.0,8860.25,385500.09
64,6,4,902.77,11.3749,5118.71,4120.18,375.0,8863.89,394363.98
65,6,5,850.66,11.3749,5118.71,3645.98,375.0,8389.69,402753.68
66,6,6,734.58,11.3749,5118.71,2589.66,375.0,7333.37,410087.05
67,6,7,602.64,11.3749,5118.71,1389.01,375.0,6132.73,416219.77
68,6,8,627.31,11.3749,5118.71,1613.51,375.0,6357.22,422577.0
69,6,9,687.3,11.3749,5118.71,2159.41,375.0,6903.13,429480.12
70,6,10,786.18,11.3749,5118.71,3059.22,375.0,7802.93,437283.05
71,6,11,599.62,11.3749,5118.71,1361.53,375.0,6105.24,443388.3
72,6,12,614.99,11.3749,5118.71,1501.4,375.0,6245.11,449633.41
73,7,1,563.47,12.0574,5425.84,1094.52,375.0,6145.36,455778.77
74,7,2,719.06,12.0574,5425.84,2595.33,375.0,7646.17,463424.94
75,7,3,897.85,12.0574,5425.84,4319.93,375.0,9370.77,472795.7
76,7,4,898.26,12.0574,5425.84,4323.88,375.0,9374.72,482170.42
77,7,5,846.41,12.0574,5425.84,3823.74,375.0,8874.58,491045.0
78,7,6,730.91,12.0574,5425.84,2709.64,375.0,7760.47,498805.48
79,7,7,599.63,12.0574,5425.84,1443.32,375.0,6494.16,505299.63
80,7,8,624.18,12.0574,5425.84,1680.13,375.0,6730.96,512030.6
81,7,9,683.86,12.0574,5425.84,2255.8,375.0,7306.63,519337.23
82,7,10,782.25,12.0574,5425.84,3204.86,375.0,8255.7,527592.92
83,7,11,596.62,12.0574,5425.84,1414.29,375.0,6465.12,534058.05
84,7,12,611.91,12.0574,5425.84,1561.77,375.0,6612.61,540670.65
85,8,1,560.65,12.7809,5751.39,1131.36,375.0,6507.75,547178.4
86,8,2,715.47,12.7809,5751.39,2714.35,375.0,8090.73,555269.13
87,8,3,893.37,12.7809,5751.39,4533.32,375.0,9909.7,565178.84
88,8,4,893.77,12.7809,5751.39,4537.41,375.0,9913.79,575092.63
89,8,5,842.18,12.7809,5751.39,4009.92,375.0,9386.3,584478.94
90,8,6,727.26,12.7809,5751.39,2834.9,375.0,8211.28,592690.22
91,8,7,596.63,12.7809,5751.39,1499.25,375.0,6875.63,599565.85
92,8,8,621.05,12.7809,5751.39,1748.93,375.0,7125.32,606691.17
93,8,9,680.44,12.7809,5751.39,2356.18,375.0,7732.56,614423.73
94,8,10,778.34,12.7809,5751.39,3357.17,375.0,8733.56,623157.29
95,8,11,593.64,12.7809,5751.39,1468.67,375.0,6845.06,630002.35
96,8,12,608.85,12.7809,5751.39,1624.19,375.0,7000.58,637002.93
97,9,1,557.85,13.5477,6096.47,1168.9,375.0,6890.37,643893.29
98,9,2,711.89,13.5477,6096.47,2838.41,375.0,8559.88,652453.17
99,9,3,888.9,13.5477,6096.47,4756.87,375.0,10478.34,662931.51
100,9,4,889.3,13.5477,6096.47,4761.21,375.0,10482.68,673414.18
101,9,5,837.97,13.5477,6096.47,4204.88,375.0,9926.35,683340.54
102,9,6,723.62,13.5477,6096.47,2965.54,375.0,8687.01,692027.54
103,9,7,593.65,13.5477,6096.47,1556.9,375.0,7278.37,699305.92
104,9,8,617.95,13.5477,6096.47,1820.27,375.0,7541.74,706847.65
105,9,9,677.04,13.5477,6096.47,2460.7,375.0,8182.17,715029.82
106,9,10,774.45,13.5477,6096.47,3516.44,375.0,9237.91,724267.73
107,9,11,590.67,13.5477,6096.47,1524.6,375.0,7246.07,731513.81
108,9,12,605.81,13.5477,6096.47,1688.69,375.0,7410.16,738923.97
109,10,1,555.06,14.3606,6462.26,1206.98,375.0,7294.23,746218.21
110,10,2,708.33,14.3606,6462.26,2967.81,375.0,9055.07,755273.28
111,10,3,884.45,14.3606,6462.26,4991.16,375.0,11078.42,766351.69
112,10,4,884.85,14.3606,6462.26,4995.76,375.0,11083.01,777434.7
113,10,5,833.78,14.3606,6462.26,4409.04,375.0,10496.3,787931.0
114,10,6,720.0,14.3606,6462.26,3101.88,375.0,9189.14,797120.14
115,10,7,590.68,14.3606,6462.26,1616.2,375.0,7703.45,804823.6
116,10,8,614.86,14.3606,6462.26,1893.99,375.0,7981.24,812804.84
117,10,9,673.66,14.3606,6462.26,2569.51,375.0,8656.77,821461.6
118,10,10,770.58,14.3606,6462.26,3682.97,375.0,9770.23,831231.83
119,10,11,587.72,14.3606,6462.26,1582.19,375.0,7669.45,838901.28
120,10,12,602.78,14.3606,6462.26,1755.21,375.0,7842.46,846743.74
